-- phpMyAdmin SQL Dump
-- version 5.2.1
-- https://www.phpmyadmin.net/
--
-- Host: 127.0.0.1
-- Generation Time: Oct 29, 2023 at 02:15 PM
-- Server version: 10.4.28-MariaDB
-- PHP Version: 8.0.28

SET SQL_MODE = "NO_AUTO_VALUE_ON_ZERO";
START TRANSACTION;
SET time_zone = "+00:00";


/*!40101 SET @OLD_CHARACTER_SET_CLIENT=@@CHARACTER_SET_CLIENT */;
/*!40101 SET @OLD_CHARACTER_SET_RESULTS=@@CHARACTER_SET_RESULTS */;
/*!40101 SET @OLD_COLLATION_CONNECTION=@@COLLATION_CONNECTION */;
/*!40101 SET NAMES utf8mb4 */;

--
-- Database: `cndvweb_db`
--

-- --------------------------------------------------------

--
-- Table structure for table `account`
--

CREATE TABLE `account` (
  `username` varchar(50) NOT NULL,
  `email` varchar(255) NOT NULL,
  `password` varchar(255) NOT NULL
) ENGINE=InnoDB DEFAULT CHARSET=utf8mb4 COLLATE=utf8mb4_general_ci;

-- --------------------------------------------------------

--
-- Table structure for table `director`
--

CREATE TABLE `director` (
  `id` int(11) UNSIGNED NOT NULL,
  `name` varchar(255) NOT NULL
) ENGINE=InnoDB DEFAULT CHARSET=utf8mb4 COLLATE=utf8mb4_general_ci;

--
-- Dumping data for table `director`
--

INSERT INTO `director` (`id`, `name`) VALUES
(1, 'Frank Darabont'),
(2, 'Francis Ford Coppola'),
(3, 'Christopher Nolan'),
(4, 'Steven Spielberg'),
(5, 'Peter Jackson'),
(6, 'Sidney Lumet'),
(7, 'Quentin Tarantino'),
(8, 'Joaquim Dos Santos'),
(9, 'Kemp Powers'),
(10, 'Justin K. Thompson'),
(11, 'David Fincher'),
(12, 'Robert Zemeckis'),
(13, 'Sergio Leone'),
(14, 'Martin Scorsese'),
(15, 'Lana Wachowski'),
(16, 'Lilly Wachowski'),
(17, 'Milos Forman'),
(18, 'Irvin Kershner'),
(19, 'Jonathan Demme'),
(20, 'James Cameron'),
(21, 'George Lucas'),
(22, 'Hayao Miyazaki'),
(23, 'Fernando Meirelles'),
(24, 'Kátia Lund'),
(25, 'Roberto Benigni'),
(26, 'Frank Capra'),
(27, 'Akira Kurosawa'),
(28, 'Masaki Kobayashi'),
(29, 'Ridley Scott'),
(30, 'Bong Joon Ho'),
(31, 'Damien Chazelle'),
(32, 'Luc Besson'),
(33, 'Bryan Singer'),
(34, 'Roman Polanski'),
(35, 'Roger Allers'),
(36, 'Rob Minkoff'),
(37, 'Tony Kaye'),
(38, 'Alfred Hitchcock'),
(39, 'Olivier Nakache'),
(40, 'Éric Toledano'),
(41, 'Michael Curtiz'),
(42, 'Isao Takahata'),
(43, 'Giuseppe Tornatore'),
(44, 'Charles Chaplin'),
(45, 'Park Chan-wook'),
(46, 'Bob Persichetti'),
(47, 'Peter Ramsey'),
(48, 'Rodney Rothman'),
(49, 'Anthony Russo'),
(50, 'Joe Russo'),
(51, 'Todd Phillips'),
(52, 'Stanley Kubrick'),
(53, 'Elem Klimov'),
(54, 'Lee Unkrich'),
(55, 'Adrian Molina'),
(56, 'Makoto Shinkai'),
(57, 'Andrew Stanton'),
(58, 'Florian Henckel von Donnersmarck'),
(59, 'Rajkumar Hirani'),
(60, 'Nadine Labaki'),
(61, 'Wolfgang Petersen'),
(62, 'Billy Wilder'),
(63, 'Sam Mendes'),
(64, 'Darren Aronofsky'),
(65, 'Gus Van Sant'),
(66, 'Michel Gondry'),
(67, 'Mel Gibson'),
(68, 'Thomas Vinterberg'),
(69, 'John Lasseter'),
(70, 'Richard Marquand'),
(71, 'David Lean'),
(72, 'Orson Welles'),
(73, 'Stanley Donen'),
(74, 'Gene Kelly'),
(75, 'Fritz Lang');

-- --------------------------------------------------------

--
-- Table structure for table `genre`
--

CREATE TABLE `genre` (
  `id` int(11) UNSIGNED NOT NULL,
  `name` varchar(255) NOT NULL
) ENGINE=InnoDB DEFAULT CHARSET=utf8mb4 COLLATE=utf8mb4_general_ci;

--
-- Dumping data for table `genre`
--

INSERT INTO `genre` (`id`, `name`) VALUES
(1, 'Drama'),
(2, 'Crime'),
(3, 'Action'),
(4, 'Biography'),
(5, 'History'),
(6, 'Adventure'),
(7, 'Animation'),
(8, 'Sci-Fi'),
(9, 'Romance'),
(10, 'Western'),
(11, 'Fantasy'),
(12, 'Mystery'),
(13, 'Thriller'),
(14, 'War'),
(15, 'Family'),
(16, 'Comedy'),
(17, 'Horror'),
(18, 'Music'),
(19, 'Film-Noir'),
(20, 'Musical');

-- --------------------------------------------------------

--
-- Table structure for table `movie`
--

CREATE TABLE `movie` (
  `id` int(10) UNSIGNED NOT NULL,
  `title` varchar(255) NOT NULL,
  `description` varchar(255) NOT NULL,
  `img_url` varchar(255) NOT NULL,
  `rating` int(1) UNSIGNED NOT NULL,
  `release_year` int(4) UNSIGNED NOT NULL,
  `trailer_url` varchar(255) NOT NULL
) ENGINE=InnoDB DEFAULT CHARSET=utf8mb4 COLLATE=utf8mb4_general_ci;

--
-- Dumping data for table `movie`
--

INSERT INTO `movie` (`id`, `title`, `description`, `img_url`, `rating`, `release_year`, `trailer_url`) VALUES
(1, 'The Shawshank Redemption', 'Over the course of several years, two convicts form a friendship, seeking consolation and, eventually, redemption through basic compassion.', 'https://m.media-amazon.com/images/M/MV5BNDE3ODcxYzMtY2YzZC00NmNlLWJiNDMtZDViZWM2MzIxZDYwXkEyXkFqcGdeQXVyNjAwNDUxODI@._V1_QL75_UX285_CR0,3,285,422_.jpg', 4, 1994, 'https://www.youtube.com/watch?v=NmzuHjWmXOc'),
(2, 'The Godfather', 'Don Vito Corleone, head of a mafia family, decides to hand over his empire to his youngest son Michael. However, his decision unintentionally puts the lives of his loved ones in grave danger.', 'https://m.media-amazon.com/images/M/MV5BM2MyNjYxNmUtYTAwNi00MTYxLWJmNWYtYzZlODY3ZTk3OTFlXkEyXkFqcGdeQXVyNzkwMjQ5NzM@._V1_QL75_UY422_CR6,0,285,422_.jpg', 5, 1972, 'https://www.youtube.com/watch?v=UaVTIH8mujA'),
(3, 'The Dark Knight', 'When the menace known as the Joker wreaks havoc and chaos on the people of Gotham, Batman must accept one of the greatest psychological and physical tests of his ability to fight injustice.', 'https://m.media-amazon.com/images/M/MV5BMTMxNTMwODM0NF5BMl5BanBnXkFtZTcwODAyMTk2Mw@@._V1_QL75_UX285_CR0,0,285,422_.jpg', 5, 2008, 'https://www.youtube.com/watch?v=EXeTwQWrcwY'),
(4, 'Schindler\'s List', 'In German-occupied Poland during World War II, industrialist ', 'https://m.media-amazon.com/images/M/MV5BNDE4OTMxMTctNmRhYy00NWE2LTg3YzItYTk3M2UwOTU5Njg4XkEyXkFqcGdeQXVyNjU0OTQ0OTY@._V1_QL75_UX285_CR0,3,285,422_.jpg', 2, 1993, 'https://www.youtube.com/watch?v=gG22XNhtnoY'),
(5, 'The Godfather Part II', 'The early life and career of Vito Corleone in 1920s New York City is portrayed, while his son, Michael, expands and tightens his grip on the family crime syndicate.', 'https://m.media-amazon.com/images/M/MV5BMWMwMGQzZTItY2JlNC00OWZiLWIyMDctNDk2ZDQ2YjRjMWQ0XkEyXkFqcGdeQXVyNzkwMjQ5NzM@._V1_QL75_UY422_CR5,0,285,422_.jpg', 5, 1974, 'https://www.youtube.com/watch?v=9O1Iy9od7-A'),
(6, 'The Lord of the Rings: The Return of the King', 'Gandalf and Aragorn lead the World of Men against Sauron\'s army to draw his gaze from Frodo and Sam as they approach Mount Doom with the One Ring.', 'https://m.media-amazon.com/images/M/MV5BNzA5ZDNlZWMtM2NhNS00NDJjLTk4NDItYTRmY2EwMWZlMTY3XkEyXkFqcGdeQXVyNzkwMjQ5NzM@._V1_QL75_UX285_CR0,0,285,422_.jpg', 5, 2003, 'https://www.youtube.com/watch?v=r5X-hFf6Bwo'),
(7, '12 Angry Men', 'The jury in a New York City murder trial is frustrated by a single member whose skeptical caution forces them to more carefully consider the evidence before jumping to a hasty verdict.', 'https://m.media-amazon.com/images/M/MV5BMWU4N2FjNzYtNTVkNC00NzQ0LTg0MjAtYTJlMjFhNGUxZDFmXkEyXkFqcGdeQXVyNjc1NTYyMjg@._V1_QL75_UX285_CR0,9,285,422_.jpg', 5, 1957, 'https://www.youtube.com/watch?v=TEN-2uTi2c0'),
(8, 'Pulp Fiction', 'The lives of two mob hitmen, a boxer, a gangster and his wife, and a pair of diner bandits intertwine in four tales of violence and redemption.', 'https://m.media-amazon.com/images/M/MV5BNGNhMDIzZTUtNTBlZi00MTRlLWFjM2ItYzViMjE3YzI5MjljXkEyXkFqcGdeQXVyNzkwMjQ5NzM@._V1_QL75_UY422_CR2,0,285,422_.jpg', 1, 1994, 'https://www.youtube.com/watch?v=s7EdQ4FqbhY'),
(9, 'Spider-Man: Across the Spider-Verse', 'Miles Morales catapults across the Multiverse, where he encounters a team of Spider-People charged with protecting its very existence. When the heroes clash on how to handle a new threat, Miles must redefine what it means to be a hero.', 'https://m.media-amazon.com/images/M/MV5BMzI0NmVkMjEtYmY4MS00ZDMxLTlkZmEtMzU4MDQxYTMzMjU2XkEyXkFqcGdeQXVyMzQ0MzA0NTM@._V1_QL75_UX285_CR0,1,285,422_.jpg', 5, 2023, 'https://www.youtube.com/watch?v=cqGjhVJWtEg'),
(10, 'Inception', 'A thief who steals corporate secrets through the use of dream-sharing technology is given the inverse task of planting an idea into the mind of a C.E.O., but his tragic past may doom the project and his team to disaster.', 'https://m.media-amazon.com/images/M/MV5BMjAxMzY3NjcxNF5BMl5BanBnXkFtZTcwNTI5OTM0Mw@@._V1_QL75_UX285_CR0,0,285,422_.jpg', 5, 2010, 'https://www.youtube.com/watch?v=YoHD9XEInc0'),
(11, 'The Lord of the Rings: The Fellowship of the Ring', 'A meek Hobbit from the Shire and eight companions set out on a journey to destroy the powerful One Ring and save Middle-earth from the Dark Lord Sauron.', 'https://m.media-amazon.com/images/M/MV5BN2EyZjM3NzUtNWUzMi00MTgxLWI0NTctMzY4M2VlOTdjZWRiXkEyXkFqcGdeQXVyNDUzOTQ5MjY@._V1_QL75_UX285_CR0,1,285,422_.jpg', 5, 2001, 'https://www.youtube.com/watch?v=V75dMMIW2B4'),
(12, 'Fight Club', 'An insomniac office worker and a devil-may-care soap maker form an underground fight club that evolves into much more.', 'https://m.media-amazon.com/images/M/MV5BODQ0OWJiMzktYjNlYi00MzcwLThlZWMtMzRkYTY4ZDgxNzgxXkEyXkFqcGdeQXVyNzkwMjQ5NzM@._V1_QL75_UX285_CR0,3,285,422_.jpg', 2, 1999, 'https://www.youtube.com/watch?v=SUXWAEX2jlg'),
(13, 'Forrest Gump', 'The history of the United States from the 1950s to the \'70s unfolds from the perspective of an Alabama man with an IQ of 75, who yearns to be reunited with his childhood sweetheart.', 'https://m.media-amazon.com/images/M/MV5BNWIwODRlZTUtY2U3ZS00Yzg1LWJhNzYtMmZiYmEyNmU1NjMzXkEyXkFqcGdeQXVyMTQxNzMzNDI@._V1_QL75_UY422_CR3,0,285,422_.jpg', 3, 1994, 'https://www.youtube.com/watch?v=bLvqoHBptjg'),
(14, 'The Good, the Bad, and the Ugly', 'A bounty hunting scam joins two men in an uneasy alliance against a third in a race to find a fortune in gold buried in a remote cemetery.', 'https://m.media-amazon.com/images/M/MV5BNjJlYmNkZGItM2NhYy00MjlmLTk5NmQtNjg1NmM2ODU4OTMwXkEyXkFqcGdeQXVyMjUzOTY1NTc@._V1_QL75_UX285_CR0,3,285,422_.jpg', 5, 1966, 'https://www.youtube.com/watch?v=WCN5JJY_wiA'),
(15, 'The Lord of the Rings: The Two Towers', 'While Frodo and Sam edge closer to Mordor with the help of the shifty Gollum, the divided fellowship makes a stand against Sauron\'s new ally, Saruman, and his hordes of Isengard.', 'https://m.media-amazon.com/images/M/MV5BZGMxZTdjZmYtMmE2Ni00ZTdkLWI5NTgtNjlmMjBiNzU2MmI5XkEyXkFqcGdeQXVyNjU0OTQ0OTY@._V1_QL75_UX285_CR0,11,285,422_.jpg', 5, 2002, 'https://www.youtube.com/watch?v=LbfMDwc4azU'),
(16, 'Interstellar', 'When Earth becomes uninhabitable in the future, a farmer and ex-NASA pilot, Joseph Cooper, is tasked to pilot a spacecraft, along with a team of researchers, to find a new planet for humans.', 'https://m.media-amazon.com/images/M/MV5BZjdkOTU3MDktN2IxOS00OGEyLWFmMjktY2FiMmZkNWIyODZiXkEyXkFqcGdeQXVyMTMxODk2OTU@._V1_QL75_UX285_CR0,0,285,422_.jpg', 4, 2014, 'https://www.youtube.com/watch?v=zSWdZVtXT7E'),
(17, 'Goodfellas', 'The story of ', 'https://m.media-amazon.com/images/M/MV5BY2NkZjEzMDgtN2RjYy00YzM1LWI4ZmQtMjIwYjFjNmI3ZGEwXkEyXkFqcGdeQXVyNzkwMjQ5NzM@._V1_QL75_UX285_CR0,3,285,422_.jpg', 5, 1990, 'https://www.youtube.com/watch?v=2ilzidi_J8Q'),
(18, 'The Matrix', 'When a beautiful stranger leads computer hacker Neo to a forbidding underworld, he discovers the shocking truth--the life he knows is the elaborate deception of an evil cyber-intelligence.', 'https://m.media-amazon.com/images/M/MV5BNzQzOTk3OTAtNDQ0Zi00ZTVkLWI0MTEtMDllZjNkYzNjNTc4L2ltYWdlXkEyXkFqcGdeQXVyNjU0OTQ0OTY@._V1_QL75_UX285_CR0,3,285,422_.jpg', 5, 1999, 'https://www.youtube.com/watch?v=m8e-FF8MsqU'),
(19, 'One Flew Over the Cuckoo\'s Nest', 'In the Fall of 1963, a Korean War veteran and criminal pleads insanity and is admitted to a mental institution, where he rallies up the scared patients against the tyrannical nurse.', 'https://m.media-amazon.com/images/M/MV5BZjA0OWVhOTAtYWQxNi00YzNhLWI4ZjYtNjFjZTEyYjJlNDVlL2ltYWdlL2ltYWdlXkEyXkFqcGdeQXVyMTQxNzMzNDI@._V1_QL75_UX285_CR0,1,285,422_.jpg', 1, 1975, 'https://www.youtube.com/watch?v=OXrcDonY-B8'),
(20, 'Star Wars: Episode V - The Empire Strikes Back', 'After the Rebels are overpowered by the Empire, Luke Skywalker begins his Jedi training with Yoda, while his friends are pursued across the galaxy by Darth Vader and bounty hunter Boba Fett.', 'https://m.media-amazon.com/images/M/MV5BYmU1NDRjNDgtMzhiMi00NjZmLTg5NGItZDNiZjU5NTU4OTE0XkEyXkFqcGdeQXVyNzkwMjQ5NzM@._V1_QL75_UX285_CR0,11,285,422_.jpg', 4, 1980, 'https://www.youtube.com/watch?v=JNwNXF9Y6kY'),
(21, 'Oppenheimer', 'The story of American scientist, ', 'https://m.media-amazon.com/images/M/MV5BMDBmYTZjNjUtN2M1MS00MTQ2LTk2ODgtNzc2M2QyZGE5NTVjXkEyXkFqcGdeQXVyNzAwMjU2MTY@._V1_QL75_UX285_CR0,0,285,422_.jpg', 5, 2023, 'https://www.youtube.com/watch?v=uYPbbksJxIg'),
(22, 'Se7en', 'Two detectives, a rookie and a veteran, hunt a serial killer who uses the seven deadly sins as his motives.', 'https://m.media-amazon.com/images/M/MV5BOTUwODM5MTctZjczMi00OTk4LTg3NWUtNmVhMTAzNTNjYjcyXkEyXkFqcGdeQXVyNjU0OTQ0OTY@._V1_QL75_UX285_CR0,12,285,422_.jpg', 3, 1995, 'https://www.youtube.com/watch?v=znmZoVkCjpI'),
(23, 'The Silence of the Lambs', 'A young F.B.I. cadet must receive the help of an incarcerated and manipulative cannibal killer to help catch another serial killer, a madman who skins his victims.', 'https://m.media-amazon.com/images/M/MV5BNjNhZTk0ZmEtNjJhMi00YzFlLWE1MmEtYzM1M2ZmMGMwMTU4XkEyXkFqcGdeQXVyNjU0OTQ0OTY@._V1_QL75_UY422_CR0,0,285,422_.jpg', 2, 1991, 'https://www.youtube.com/watch?v=6iB21hsprAQ'),
(24, 'The Green Mile', 'A tale set on death row in a Southern jail, where gentle giant John possesses the mysterious power to heal people\'s ailments. When the lead guard, Paul, recognizes John\'s gift, he tries to help stave off the condemned man\'s execution.', 'https://m.media-amazon.com/images/M/MV5BMTUxMzQyNjA5MF5BMl5BanBnXkFtZTYwOTU2NTY3._V1_QL75_UX285_CR0,0,285,422_.jpg', 3, 1999, 'https://www.youtube.com/watch?v=Ki4haFrqSrw'),
(25, 'Saving Private Ryan', 'Following the Normandy Landings, a group of U.S. soldiers go behind enemy lines to retrieve a paratrooper whose brothers have been killed in action.', 'https://m.media-amazon.com/images/M/MV5BZjhkMDM4MWItZTVjOC00ZDRhLThmYTAtM2I5NzBmNmNlMzI1XkEyXkFqcGdeQXVyNDYyMDk5MTU@._V1_QL75_UY422_CR1,0,285,422_.jpg', 4, 1998, 'https://www.youtube.com/watch?v=zwhP5b4tD6g'),
(26, 'Terminator 2: Judgment Day', 'A cyborg, identical to the one who failed to kill Sarah Connor, must now protect her ten year old son John from an even more advanced and powerful cyborg.', 'https://m.media-amazon.com/images/M/MV5BMGU2NzRmZjUtOGUxYS00ZjdjLWEwZWItY2NlM2JhNjkxNTFmXkEyXkFqcGdeQXVyNjU0OTQ0OTY@._V1_QL75_UX285_CR0,1,285,422_.jpg', 5, 1991, 'https://www.youtube.com/watch?v=lwSysg9o7wE'),
(27, 'Star Wars', 'Luke Skywalker joins forces with a Jedi Knight, a cocky pilot, a Wookiee and two droids to save the galaxy from the Empire\'s world-destroying battle station, while also attempting to rescue Princess Leia from the mysterious Darth Vader.', 'https://m.media-amazon.com/images/M/MV5BOTA5NjhiOTAtZWM0ZC00MWNhLThiMzEtZDFkOTk2OTU1ZDJkXkEyXkFqcGdeQXVyMTA4NDI1NTQx._V1_QL75_UX285_CR0,7,285,422_.jpg', 5, 1977, 'https://www.youtube.com/watch?v=1g3_CFmnU7k'),
(28, 'Spirited Away', 'During her family\'s move to the suburbs, a sullen 10-year-old girl wanders into a world ruled by gods, witches and spirits, a world where humans are changed into beasts.', 'https://m.media-amazon.com/images/M/MV5BMjlmZmI5MDctNDE2YS00YWE0LWE5ZWItZDBhYWQ0NTcxNWRhXkEyXkFqcGdeQXVyMTMxODk2OTU@._V1_QL75_UX285_CR0,1,285,422_.jpg', 5, 2001, 'https://www.youtube.com/watch?v=ByXuk9QqQkk'),
(29, 'City of God', 'In the slums of Rio, two kids\' paths diverge as one struggles to become a photographer and the other a kingpin.', 'https://m.media-amazon.com/images/M/MV5BOTMwYjc5ZmItYTFjZC00ZGQ3LTlkNTMtMjZiNTZlMWQzNzI5XkEyXkFqcGdeQXVyNzkwMjQ5NzM@._V1_QL75_UX285_CR0,2,285,422_.jpg', 4, 2002, 'https://www.youtube.com/watch?v=dcUOO4Itgmw'),
(30, 'Life is Beautiful', 'When an open-minded Jewish waiter and his son become victims of the Holocaust, he uses a perfect mixture of will, humor and imagination to protect his son from the dangers around their camp.', 'https://m.media-amazon.com/images/M/MV5BYmJmM2Q4NmMtYThmNC00ZjRlLWEyZmItZTIwOTBlZDQ3NTQ1XkEyXkFqcGdeQXVyMTQxNzMzNDI@._V1_QL75_UX285_CR0,2,285,422_.jpg', 5, 1997, 'https://www.youtube.com/watch?v=pAYEQP8gx3w'),
(31, 'It\'s a Wonderful Life', 'An angel is sent from Heaven to help a desperately frustrated businessman by showing him what life would have been like if he had never existed.', 'https://m.media-amazon.com/images/M/MV5BZjc4NDZhZWMtNGEzYS00ZWU2LThlM2ItNTA0YzQ0OTExMTE2XkEyXkFqcGdeQXVyNjUwMzI2NzU@._V1_QL75_UY422_CR2,0,285,422_.jpg', 4, 1946, 'https://www.youtube.com/watch?v=iLR3gZrU2Xo'),
(32, 'Seven Samurai', 'Farmers from a village exploited by bandits hire a veteran samurai for protection, who gathers six other samurai to join him.', 'https://m.media-amazon.com/images/M/MV5BNWQ3OTM4ZGItMWEwZi00MjI5LWI3YzgtNTYwNWRkNmIzMGI5XkEyXkFqcGdeQXVyNDY2MTk1ODk@._V1_QL75_UY422_CR8,0,285,422_.jpg', 5, 1954, 'https://www.youtube.com/watch?v=wJ1TOratCTo'),
(33, 'Harakiri', 'When a ronin requesting seppuku at a feudal lord\'s palace is told of the brutal suicide of another ronin who previously visited, he reveals how their pasts are intertwined - and in doing so challenges the clan\'s integrity.', 'https://m.media-amazon.com/images/M/MV5BYjBmYTQ1NjItZWU5MS00YjI0LTg2OTYtYmFkN2JkMmNiNWVkXkEyXkFqcGdeQXVyMTMxMTY0OTQ@._V1_QL75_UY422_CR12,0,285,422_.jpg', 5, 1962, 'https://www.youtube.com/watch?v=gfABwM-Ppng'),
(34, 'Gladiator', 'A former Roman General sets out to exact vengeance against the corrupt emperor who murdered his family and sent him into slavery.', 'https://m.media-amazon.com/images/M/MV5BMDliMmNhNDEtODUyOS00MjNlLTgxODEtN2U3NzIxMGVkZTA1L2ltYWdlXkEyXkFqcGdeQXVyNjU0OTQ0OTY@._V1_QL75_UX285_CR0,0,285,422_.jpg', 3, 2000, 'https://www.youtube.com/watch?v=P5ieIbInFpg'),
(35, 'The Prestige', 'After a tragic accident, two stage magicians in 1890s London engage in a battle to create the ultimate illusion while sacrificing everything they have to outwit each other.', 'https://m.media-amazon.com/images/M/MV5BMjA4NDI0MTIxNF5BMl5BanBnXkFtZTYwNTM0MzY2._V1_QL75_UX285_CR0,0,285,422_.jpg', 5, 2006, 'https://www.youtube.com/watch?v=ELq7V8vkekI'),
(36, 'The Departed', 'An undercover cop and a mole in the police attempt to identify each other while infiltrating an Irish gang in South Boston.', 'https://m.media-amazon.com/images/M/MV5BMTI1MTY2OTIxNV5BMl5BanBnXkFtZTYwNjQ4NjY3._V1_QL75_UY422_CR0,0,285,422_.jpg', 4, 2006, 'https://www.youtube.com/watch?v=iQpb1LoeVUc'),
(37, 'Back to the Future', 'Marty McFly, a 17-year-old high school student, is accidentally sent 30 years into the past in a time-traveling DeLorean invented by his close friend, the maverick scientist Doc Brown.', 'https://m.media-amazon.com/images/M/MV5BZmU0M2Y1OGUtZjIxNi00ZjBkLTg1MjgtOWIyNThiZWIwYjRiXkEyXkFqcGdeQXVyMTQxNzMzNDI@._V1_QL75_UX285_CR0,11,285,422_.jpg', 5, 1985, 'https://www.youtube.com/watch?v=qvsgGtivCgs'),
(38, 'Django Unchained', 'With the help of a German bounty-hunter, a freed slave sets out to rescue his wife from a brutal plantation owner in Mississippi.', 'https://m.media-amazon.com/images/M/MV5BMjIyNTQ5NjQ1OV5BMl5BanBnXkFtZTcwODg1MDU4OA@@._V1_QL75_UX285_CR0,0,285,422_.jpg', 4, 2012, 'https://www.youtube.com/watch?v=_iH0UBYDI4g'),
(39, 'Parasite', 'Greed and class discrimination threaten the newly formed symbiotic relationship between the wealthy Park family and the destitute Kim clan.', 'https://m.media-amazon.com/images/M/MV5BYWZjMjk3ZTItODQ2ZC00NTY5LWE0ZDYtZTI3MjcwN2Q5NTVkXkEyXkFqcGdeQXVyODk4OTc3MTY@._V1_QL75_UX285_CR0,0,285,422_.jpg', 5, 2019, 'https://www.youtube.com/watch?v=5xH0HfJHsaY'),
(40, 'Alien', 'The crew of a commercial spacecraft encounters a deadly lifeform after investigating an unknown transmission.', 'https://m.media-amazon.com/images/M/MV5BOGQzZTBjMjQtOTVmMS00NGE5LWEyYmMtOGQ1ZGZjNmRkYjFhXkEyXkFqcGdeQXVyMjUzOTY1NTc@._V1_QL75_UX285_CR0,4,285,422_.jpg', 5, 1979, 'https://www.youtube.com/watch?v=LjLamj-b0I8'),
(41, 'Whiplash', 'A promising young drummer enrolls at a cut-throat music conservatory where his dreams of greatness are mentored by an instructor who will stop at nothing to realize a student\'s potential.', 'https://m.media-amazon.com/images/M/MV5BOTA5NDZlZGUtMjAxOS00YTRkLTkwYmMtYWQ0NWEwZDZiNjEzXkEyXkFqcGdeQXVyMTMxODk2OTU@._V1_QL75_UX285_CR0,0,285,422_.jpg', 5, 2014, 'https://www.youtube.com/watch?v=7d_jQycdQGo'),
(42, 'Leon: The Professional', '12-year-old Mathilda is reluctantly taken in by Léon, a professional assassin, after her family is murdered. An unusual relationship forms as she becomes his protégée and learns the assassin\'s trade.', 'https://m.media-amazon.com/images/M/MV5BOTgyMWQ0ZWUtN2Q2MS00NmY0LWI3OWMtNjFkMzZlNDZjNTk0XkEyXkFqcGdeQXVyMjUzOTY1NTc@._V1_QL75_UX285_CR0,2,285,422_.jpg', 1, 1994, 'https://www.youtube.com/watch?v=aNQqoExfQsg'),
(43, 'The Usual Suspects', 'The sole survivor of a pier shoot-out tells the story of how a notorious criminal influenced the events that began with five criminals meeting in a seemingly random police lineup.', 'https://m.media-amazon.com/images/M/MV5BYTViNjMyNmUtNDFkNC00ZDRlLThmMDUtZDU2YWE4NGI2ZjVmXkEyXkFqcGdeQXVyNjU0OTQ0OTY@._V1_QL75_UX285_CR0,2,285,422_.jpg', 5, 1995, 'https://www.youtube.com/watch?v=oiXdPolca5w'),
(44, 'The Pianist', 'A Polish Jewish musician struggles to survive the destruction of the Warsaw ghetto of World War II.', 'https://m.media-amazon.com/images/M/MV5BOWRiZDIxZjktMTA1NC00MDQ2LWEzMjUtMTliZmY3NjQ3ODJiXkEyXkFqcGdeQXVyNjU0OTQ0OTY@._V1_QL75_UY422_CR10,0,285,422_.jpg', 5, 2002, 'https://www.youtube.com/watch?v=BFwGqLa_oAo'),
(45, 'The Lion King', 'Lion prince Simba and his father are targeted by his bitter uncle, who wants to ascend the throne himself.', 'https://m.media-amazon.com/images/M/MV5BYTYxNGMyZTYtMjE3MS00MzNjLWFjNmYtMDk3N2FmM2JiM2M1XkEyXkFqcGdeQXVyNjY5NDU4NzI@._V1_QL75_UX285_CR0,1,285,422_.jpg', 5, 1994, 'https://www.youtube.com/watch?v=lFzVJEksoDY'),
(46, 'American History X', 'Living a life marked by violence, neo-Nazi Derek finally goes to prison after killing two black youths. Upon his release, Derek vows to change; he hopes to prevent his brother, Danny, who idolizes Derek, from following in his footsteps.', 'https://m.media-amazon.com/images/M/MV5BZTJhN2FkYWEtMGI0My00YWM4LWI2MjAtM2UwNjY4MTI2ZTQyXkEyXkFqcGdeQXVyNjc3MjQzNTI@._V1_QL75_UX285_CR0,1,285,422_.jpg', 2, 1998, 'https://www.youtube.com/watch?v=XfQYHqsiN5g'),
(47, 'Psycho', 'A Phoenix secretary embezzles $40,000 from her employer\'s client, goes on the run and checks into a remote motel run by a young man under the domination of his mother.', 'https://m.media-amazon.com/images/M/MV5BNTQwNDM1YzItNDAxZC00NWY2LTk0M2UtNDIwNWI5OGUyNWUxXkEyXkFqcGdeQXVyNzkwMjQ5NzM@._V1_QL75_UX285_CR0,1,285,422_.jpg', 5, 1960, 'https://www.youtube.com/watch?v=Wz719b9QUqY'),
(48, 'The Intouchables', 'After he becomes a quadriplegic from a paragliding accident, an aristocrat hires a young man from the projects to be his caregiver.', 'https://m.media-amazon.com/images/M/MV5BMTYxNDA3MDQwNl5BMl5BanBnXkFtZTcwNTU4Mzc1Nw@@._V1_QL75_UX285_CR0,0,285,422_.jpg', 5, 2011, 'https://www.youtube.com/watch?v=oK5hMNxqsFA'),
(49, 'Casablanca', 'A cynical expatriate American cafe owner struggles to decide whether or not to help his former lover and her fugitive husband escape the Nazis in French Morocco.', 'https://m.media-amazon.com/images/M/MV5BY2IzZGY2YmEtYzljNS00NTM5LTgwMzUtMzM1NjQ4NGI0OTk0XkEyXkFqcGdeQXVyNDYyMDk5MTU@._V1_QL75_UX285_CR0,4,285,422_.jpg', 4, 1942, 'https://www.youtube.com/watch?v=BkL9l7qovsE'),
(50, 'Grave of the Fireflies', 'A young boy and his little sister struggle to survive in Japan during World War II.', 'https://m.media-amazon.com/images/M/MV5BZmY2NjUzNDQtNTgxNC00M2Q4LTljOWQtMjNjNDBjNWUxNmJlXkEyXkFqcGdeQXVyNTA4NzY1MzY@._V1_QL75_UX285_CR0,3,285,422_.jpg', 5, 1988, 'https://www.youtube.com/watch?v=4vPeTSRd580'),
(51, 'Once Upon a Time in the West', 'A mysterious stranger with a harmonica joins forces with a notorious desperado to protect a beautiful widow from a ruthless assassin working for the railroad.', 'https://m.media-amazon.com/images/M/MV5BODQ3NDExOGYtMzI3Mi00NWRlLTkwNjAtNjc4MDgzZGJiZTA1XkEyXkFqcGdeQXVyMjUzOTY1NTc@._V1_QL75_UX285_CR0,2,285,422_.jpg', 3, 1968, 'https://www.youtube.com/watch?v=c8CJ6L0I6W8'),
(52, 'Rear Window', 'A photographer in a wheelchair spies on his neighbors from his Greenwich Village courtyard apartment window, and becomes convinced one of them has committed murder, despite the skepticism of his fashion-model girlfriend.', 'https://m.media-amazon.com/images/M/MV5BNGUxYWM3M2MtMGM3Mi00ZmRiLWE0NGQtZjE5ODI2OTJhNTU0XkEyXkFqcGdeQXVyMTQxNzMzNDI@._V1_QL75_UY422_CR1,0,285,422_.jpg', 3, 1954, 'https://www.youtube.com/watch?v=m01YktiEZCw'),
(53, 'Cinema Paradiso', 'A filmmaker recalls his childhood when falling in love with the pictures at the cinema of his home village and forms a deep friendship with the cinema\'s projectionist.', 'https://m.media-amazon.com/images/M/MV5BM2FhYjEyYmYtMDI1Yy00YTdlLWI2NWQtYmEzNzAxOGY1NjY2XkEyXkFqcGdeQXVyNTA3NTIyNDg@._V1_QL75_UX285_CR0,0,285,422_.jpg', 2, 1988, 'https://www.youtube.com/watch?v=C2-GX0Tltgw'),
(54, 'Modern Times', 'The Tramp struggles to live in modern industrial society with the help of a young homeless woman.', 'https://m.media-amazon.com/images/M/MV5BYjJiZjMzYzktNjU0NS00OTkxLWEwYzItYzdhYWJjN2QzMTRlL2ltYWdlL2ltYWdlXkEyXkFqcGdeQXVyNjU0OTQ0OTY@._V1_QL75_UX285_CR0,11,285,422_.jpg', 5, 1936, 'https://www.youtube.com/watch?v=GLeDdzGUTq0'),
(55, 'City Lights', 'With the aid of a wealthy erratic tippler, a dewy-eyed tramp who has fallen in love with a sightless flower girl accumulates money to be able to help her medically.', 'https://m.media-amazon.com/images/M/MV5BY2I4MmM1N2EtM2YzOS00OWUzLTkzYzctNDc5NDg2N2IyODJmXkEyXkFqcGdeQXVyNzkwMjQ5NzM@._V1_QL75_UX285_CR0,3,285,422_.jpg', 5, 1931, 'https://www.youtube.com/watch?v=b2NTUnujk1I'),
(56, 'Oldboy', 'After being kidnapped and imprisoned for fifteen years, Oh Dae-Su is released, only to find that he must find his captor in five days.', 'https://m.media-amazon.com/images/M/MV5BMTI3NTQyMzU5M15BMl5BanBnXkFtZTcwMTM2MjgyMQ@@._V1_QL75_UX285_CR0,0,285,422_.jpg', 4, 2003, 'https://www.youtube.com/watch?v=tAaBkFChaRg'),
(57, 'Spider-Man: Into the Spider-Verse', 'Teen Miles Morales becomes the Spider-Man of his universe and must join with five spider-powered individuals from other dimensions to stop a threat for all realities.', 'https://m.media-amazon.com/images/M/MV5BMjMwNDkxMTgzOF5BMl5BanBnXkFtZTgwNTkwNTQ3NjM@._V1_QL75_UX285_CR0,1,285,422_.jpg', 3, 2018, 'https://www.youtube.com/watch?v=g4Hbz2jLxvQ'),
(58, 'Avengers: Endgame', 'After the devastating events of ', 'https://m.media-amazon.com/images/M/MV5BMTc5MDE2ODcwNV5BMl5BanBnXkFtZTgwMzI2NzQ2NzM@._V1_QL75_UX285_CR0,0,285,422_.jpg', 5, 2019, 'https://www.youtube.com/watch?v=TcMBFSGVi1c'),
(59, 'The Dark Knight Rises', 'Eight years after the Joker\'s reign of chaos, Batman is coerced out of exile with the assistance of the mysterious Selina Kyle in order to defend Gotham City from the vicious guerrilla terrorist Bane.', 'https://m.media-amazon.com/images/M/MV5BMTk4ODQzNDY3Ml5BMl5BanBnXkFtZTcwODA0NTM4Nw@@._V1_QL75_UX285_CR0,0,285,422_.jpg', 5, 2012, 'https://www.youtube.com/watch?v=GokKUqLcvD8'),
(60, 'Joker', 'The rise of Arthur Fleck, from aspiring stand-up comedian and pariah to Gotham\'s clown prince and leader of the revolution.', 'https://m.media-amazon.com/images/M/MV5BNGVjNWI4ZGUtNzE0MS00YTJmLWE0ZDctN2ZiYTk2YmI3NTYyXkEyXkFqcGdeQXVyMTkxNjUyNQ@@._V1_QL75_UX285_CR0,0,285,422_.jpg', 5, 2019, 'https://www.youtube.com/watch?v=zAGVQLHvwOY'),
(61, 'Memento', 'A man with short-term memory loss attempts to track down his wife\'s murderer.', 'https://m.media-amazon.com/images/M/MV5BZTcyNjk1MjgtOWI3Mi00YzQwLWI5MTktMzY4ZmI2NDAyNzYzXkEyXkFqcGdeQXVyNjU0OTQ0OTY@._V1_QL75_UY422_CR1,0,285,422_.jpg', 3, 2000, 'https://www.youtube.com/watch?v=4CV41hoyS8A'),
(62, 'The Shining', 'A family heads to an isolated hotel for the winter where a sinister presence influences the father into violence, while his psychic son sees horrific forebodings from both past and future.', 'https://m.media-amazon.com/images/M/MV5BZWFlYmY2MGEtZjVkYS00YzU4LTg0YjQtYzY1ZGE3NTA5NGQxXkEyXkFqcGdeQXVyMTQxNzMzNDI@._V1_QL75_UX285_CR0,6,285,422_.jpg', 3, 1980, 'https://www.youtube.com/watch?v=S014oGZiSdI'),
(63, 'Aliens', 'Decades after surviving the Nostromo incident, Ellen Ripley is sent out to re-establish contact with a terraforming colony but finds herself battling the Alien Queen and her offspring.', 'https://m.media-amazon.com/images/M/MV5BOGJkY2EyOWYtYWRmNy00ZTEzLTllMDAtYzYzYjA0ZjFhZWJjXkEyXkFqcGdeQXVyMTUzMDUzNTI3._V1_QL75_UX285_CR0,5,285,422_.jpg', 5, 1986, 'https://www.youtube.com/watch?v=bTCaVjQ8nU4'),
(64, 'Raiders of the Lost Ark', 'In 1936, archaeologist and adventurer Indiana Jones is hired by the U.S. government to find the Ark of the Covenant before the Nazis can obtain its awesome powers.', 'https://m.media-amazon.com/images/M/MV5BNTU2ODkyY2MtMjU1NC00NjE1LWEzYjgtMWQ3MzRhMTE0NDc0XkEyXkFqcGdeQXVyMjM4MzQ4OTQ@._V1_QL75_UY422_CR1,0,285,422_.jpg', 5, 1981, 'https://www.youtube.com/watch?v=XkkzKHCx154'),
(65, 'Apocalypse Now', 'A U.S. Army officer serving in Vietnam is tasked with assassinating a renegade Special Forces Colonel who sees himself as a god.', 'https://m.media-amazon.com/images/M/MV5BYmQyNTA1ZGItNjZjMi00NzFlLWEzMWEtNWMwN2Q2MjJhYzEyXkEyXkFqcGdeQXVyMjUzOTY1NTc@._V1_QL75_UX285_CR0,8,285,422_.jpg', 2, 1979, 'https://www.youtube.com/watch?v=9l-ViOOFH-s'),
(66, 'Avengers: Infinity War', 'The Avengers and their allies must be willing to sacrifice all in an attempt to defeat the powerful Thanos before his blitz of devastation and ruin puts an end to the universe.', 'https://m.media-amazon.com/images/M/MV5BMjMxNjY2MDU1OV5BMl5BanBnXkFtZTgwNzY1MTUwNTM@._V1_QL75_UX285_CR0,0,285,422_.jpg', 5, 2018, 'https://www.youtube.com/watch?v=6ZfuNTqbHE8'),
(67, 'Come and See', 'After finding an old rifle, a young boy joins the Soviet resistance movement against ruthless German forces and experiences the horrors of World War II.', 'https://m.media-amazon.com/images/M/MV5BODM4Njg0NTAtYjI5Ny00ZjAxLTkwNmItZTMxMWU5M2U3M2RjXkEyXkFqcGdeQXVyNzkwMjQ5NzM@._V1_QL75_UX285_CR0,8,285,422_.jpg', 1, 1985, 'https://www.youtube.com/watch?v=UHaSQU-4wss'),
(68, 'Amadeus', 'The life, success and troubles of ', 'https://m.media-amazon.com/images/M/MV5BNWJlNzUzNGMtYTAwMS00ZjI2LWFmNWQtODcxNWUxODA5YmU1XkEyXkFqcGdeQXVyNTIzOTk5ODM@._V1_QL75_UX285_CR0,11,285,422_.jpg', 3, 1984, 'https://www.youtube.com/watch?v=r7kWQj9FCGY'),
(69, 'Coco', 'Aspiring musician Miguel, confronted with his family\'s ancestral ban on music, enters the Land of the Dead to find his great-great-grandfather, a legendary singer.', 'https://m.media-amazon.com/images/M/MV5BYjQ5NjM0Y2YtNjZkNC00ZDhkLWJjMWItN2QyNzFkMDE3ZjAxXkEyXkFqcGdeQXVyODIxMzk5NjA@._V1_QL75_UY422_CR5,0,285,422_.jpg', 3, 2017, 'https://www.youtube.com/watch?v=Ga6RYejo6Hk'),
(70, 'Your Name', 'Two teenagers share a profound, magical connection upon discovering they are swapping bodies. Things manage to become even more complicated when the boy and girl decide to meet in person.', 'https://m.media-amazon.com/images/M/MV5BODRmZDVmNzUtZDA4ZC00NjhkLWI2M2UtN2M0ZDIzNDcxYThjL2ltYWdlXkEyXkFqcGdeQXVyNTk0MzMzODA@._V1_QL75_UX285_CR0,0,285,422_.jpg', 5, 2016, 'https://www.youtube.com/watch?v=NooIc3dMncc'),
(71, 'Dr. Strangelove or: How I Learned to Stop Worrying and Love the Bomb', 'An insane American general orders a bombing attack on the Soviet Union, triggering a path to nuclear holocaust that a war room full of politicians and generals frantically tries to stop.', 'https://m.media-amazon.com/images/M/MV5BMWMxYjZkOWUtM2FjMi00MmI1LThkNzQtNTM5Y2E2ZGQ2NGFhXkEyXkFqcGdeQXVyMTA0MTM5NjI2._V1_QL75_UX285_CR0,3,285,422_.jpg', 5, 1964, 'https://www.youtube.com/watch?v=jPU1AYTxwg4'),
(72, 'WALL·E', 'In the distant future, a small waste-collecting robot inadvertently embarks on a space journey that will ultimately decide the fate of mankind.', 'https://m.media-amazon.com/images/M/MV5BMjExMTg5OTU0NF5BMl5BanBnXkFtZTcwMjMxMzMzMw@@._V1_QL75_UX285_CR0,0,285,422_.jpg', 3, 2008, 'https://www.youtube.com/watch?v=CZ1CATNbXg0'),
(73, 'The Lives of Others', 'In 1984 East Berlin, an agent of the secret police, conducting surveillance on a writer and his lover, finds himself becoming increasingly absorbed by their lives.', 'https://m.media-amazon.com/images/M/MV5BNmQyNmJjM2ItNTQzYi00ZjMxLWFjMDYtZjUyN2YwZDk5YWQ2XkEyXkFqcGdeQXVyMjUzOTY1NTc@._V1_QL75_UX285_CR0,2,285,422_.jpg', 4, 2006, 'https://www.youtube.com/watch?v=n3_iLOp6IhM'),
(74, '3 Idiots', 'Two friends are searching for their long lost companion. They revisit their college days and recall the memories of their friend who inspired them to think differently, even as the rest of the world called them \"idiots\".', 'https://m.media-amazon.com/images/M/MV5BNTkyOGVjMGEtNmQzZi00NzFlLTlhOWQtODYyMDc2ZGJmYzFhXkEyXkFqcGdeQXVyNjU0OTQ0OTY@._V1_QL75_UY422_CR4,0,285,422_.jpg', 5, 2009, 'https://www.youtube.com/watch?v=xvszmNXdM4w'),
(75, 'Capernaum', 'While serving a five-year sentence for a violent crime, a 12-year-old boy sues his parents for neglect.', 'https://m.media-amazon.com/images/M/MV5BMmExNzU2ZWMtYzUwYi00YmM2LTkxZTQtNmVhNjY0NTMyMWI2XkEyXkFqcGdeQXVyMTMxODk2OTU@._V1_QL75_UY422_CR1,0,285,422_.jpg', 4, 2018, 'https://www.youtube.com/watch?v=ULUo0048xZE'),
(76, 'Das Boot', 'A German U-boat stalks the frigid waters of the North Atlantic as its young crew experience the sheer terror and claustrophobic life of a submariner in World War II.', 'https://m.media-amazon.com/images/M/MV5BNDBjMWUxNTUtNjZiNi00YzJhLTgzNzUtMTRiY2FkZmMzYTNjXkEyXkFqcGdeQXVyMTUzMDUzNTI3._V1_QL75_UX285_CR0,6,285,422_.jpg', 1, 1981, 'https://www.youtube.com/watch?v=7pzKyeIex2Y'),
(77, 'Sunset Boulevard', 'A screenwriter develops a dangerous relationship with a faded film star determined to make a triumphant return.', 'https://m.media-amazon.com/images/M/MV5BMTU0NTkyNzYwMF5BMl5BanBnXkFtZTgwMDU0NDk5MTI@._V1_QL75_UX285_CR0,4,285,422_.jpg', 2, 1950, 'https://www.youtube.com/watch?v=_dY0SVxnHjQ'),
(78, 'Paths of Glory', 'After refusing to attack an enemy position, a general accuses the soldiers of cowardice and their commanding officer must defend them.', 'https://m.media-amazon.com/images/M/MV5BOTI5Nzc0OTMtYzBkMS00NjkxLThmM2UtNjM2ODgxN2M5NjNkXkEyXkFqcGdeQXVyNjQ2MjQ5NzM@._V1_QL75_UX285_CR0,7,285,422_.jpg', 2, 1957, 'https://www.youtube.com/watch?v=nmDA60X-f_A'),
(79, 'Witness for the Prosecution', 'A veteran British barrister must defend his client in a murder trial that has surprise after surprise.', 'https://m.media-amazon.com/images/M/MV5BNDQwODU5OWYtNDcyNi00MDQ1LThiOGMtZDkwNWJiM2Y3MDg0XkEyXkFqcGdeQXVyMDI2NDg0NQ@@._V1_QL75_UX285_CR0,7,285,422_.jpg', 5, 1957, 'https://www.youtube.com/watch?v=GMlJfiA2u7Y'),
(80, 'The Great Dictator', 'Dictator Adenoid Hynkel tries to expand his empire while a poor Jewish barber tries to avoid persecution from Hynkel\'s regime.', 'https://m.media-amazon.com/images/M/MV5BMmExYWJjNTktNGUyZS00ODhmLTkxYzAtNWIzOGEyMGNiMmUwXkEyXkFqcGdeQXVyNjU0OTQ0OTY@._V1_QL75_UY422_CR0,0,285,422_.jpg', 5, 1940, 'https://www.youtube.com/watch?v=k8bVG8XC-4I'),
(81, 'High and Low', 'An executive of a Yokohama shoe company becomes a victim of extortion when his chauffeur\'s son is kidnapped by mistake and held for ransom.', 'https://m.media-amazon.com/images/M/MV5BOTI4NTNhZDMtMWNkZi00MTRmLWJmZDQtMmJkMGVmZTEzODlhXkEyXkFqcGdeQXVyNjc1NTYyMjg@._V1_QL75_UX285_CR0,3,285,422_.jpg', 2, 1963, 'https://www.youtube.com/watch?v=LV3z2Ytxu90'),
(82, 'Inglourious Basterds', 'In Nazi-occupied France during World War II, a plan to assassinate Nazi leaders by a group of Jewish U.S. soldiers coincides with a theatre owner\'s vengeful plans for the same.', 'https://m.media-amazon.com/images/M/MV5BOTJiNDEzOWYtMTVjOC00ZjlmLWE0NGMtZmE1OWVmZDQ2OWJhXkEyXkFqcGdeQXVyNTIzOTk5ODM@._V1_QL75_UX285_CR0,0,285,422_.jpg', 3, 2009, 'https://www.youtube.com/watch?v=KnrRy6kSFF0'),
(83, 'American Beauty', 'A sexually frustrated suburban father has a mid-life crisis after becoming infatuated with his daughter\'s best friend.', 'https://m.media-amazon.com/images/M/MV5BNTBmZWJkNjctNDhiNC00MGE2LWEwOTctZTk5OGVhMWMyNmVhXkEyXkFqcGdeQXVyMTMxODk2OTU@._V1_QL75_UX285_CR0,0,285,422_.jpg', 4, 1999, 'https://www.youtube.com/watch?v=Ly7rq5EsTC8'),
(84, '2001: A Space Odyssey', 'After uncovering a mysterious artifact buried beneath the Lunar surface, a spacecraft is sent to Jupiter to find its origins: a spacecraft manned by two men and the supercomputer HAL 9000.', 'https://m.media-amazon.com/images/M/MV5BMmNlYzRiNDctZWNhMi00MzI4LThkZTctMTUzMmZkMmFmNThmXkEyXkFqcGdeQXVyNzkwMjQ5NzM@._V1_QL75_UX285_CR0,0,285,422_.jpg', 4, 1968, 'https://www.youtube.com/watch?v=oR_e9y-bka0'),
(85, 'Requiem for a Dream', 'The drug-induced utopias of four Coney Island people are shattered when their addictions run deep.', 'https://m.media-amazon.com/images/M/MV5BOTdiNzJlOWUtNWMwNS00NmFlLWI0YTEtZmI3YjIzZWUyY2Y3XkEyXkFqcGdeQXVyNjU0OTQ0OTY@._V1_QL75_UX285_CR0,3,285,422_.jpg', 4, 2000, 'https://www.youtube.com/watch?v=0nU7dC9bIDg'),
(86, 'Good Will Hunting', 'Will Hunting, a janitor at M.I.T., has a gift for mathematics, but needs help from a psychologist to find direction in his life.', 'https://m.media-amazon.com/images/M/MV5BOTI0MzcxMTYtZDVkMy00NjY1LTgyMTYtZmUxN2M3NmQ2NWJhXkEyXkFqcGdeQXVyMTQxNzMzNDI@._V1_QL75_UX285_CR0,7,285,422_.jpg', 5, 1997, 'https://www.youtube.com/watch?v=ReIJ1lbL-Q8'),
(87, 'Eternal Sunshine of the Spotless Mind', 'When their relationship turns sour, a couple undergoes a medical procedure to have each other erased from their memories for ever.', 'https://m.media-amazon.com/images/M/MV5BMTY4NzcwODg3Nl5BMl5BanBnXkFtZTcwNTEwOTMyMw@@._V1_QL75_UX285_CR0,0,285,422_.jpg', 3, 2004, 'https://www.youtube.com/watch?v=07-QBnEkgXU'),
(88, 'Braveheart', 'Scottish warrior William Wallace leads his countrymen in a rebellion to free his homeland from the tyranny of King Edward I of England.', 'https://m.media-amazon.com/images/M/MV5BMzkzMmU0YTYtOWM3My00YzBmLWI0YzctOGYyNTkwMWE5MTJkXkEyXkFqcGdeQXVyNzkwMjQ5NzM@._V1_QL75_UY422_CR0,0,285,422_.jpg', 5, 1995, 'https://www.youtube.com/watch?v=nMft5QDOHek'),
(89, 'Reservoir Dogs', 'When a simple jewelry heist goes horribly wrong, the surviving criminals begin to suspect that one of them is a police informant.', 'https://m.media-amazon.com/images/M/MV5BZmExNmEwYWItYmQzOS00YjA5LTk2MjktZjEyZDE1Y2QxNjA1XkEyXkFqcGdeQXVyMTQxNzMzNDI@._V1_QL75_UX285_CR0,2,285,422_.jpg', 4, 1992, 'https://www.youtube.com/watch?v=vayksn4Y93A'),
(90, 'Once Upon a Time in America', 'A former Prohibition-era Jewish gangster returns to the Lower East Side of Manhattan 35 years later, where he must once again confront the ghosts and regrets of his old life.', 'https://m.media-amazon.com/images/M/MV5BMmQzZjdmZDAtOGE2Yy00MmUwLTljYzgtZTMwMjk3ZDdiOWUyXkEyXkFqcGdeQXVyNjc5NjEzNA@@._V1_QL75_UX285_CR0,3,285,422_.jpg', 2, 1984, 'https://www.youtube.com/watch?v=LcpCRyNo8T8'),
(91, 'Jagten', 'A teacher lives a lonely life, all the while struggling over his son\'s custody. His life slowly gets better as he finds love and receives good news from his son, but his new luck is about to be brutally shattered by an innocent little lie.', 'https://m.media-amazon.com/images/M/MV5BMTg2NDg3ODg4NF5BMl5BanBnXkFtZTcwNzk3NTc3Nw@@._V1_QL75_UY422_CR5,0,285,422_.jpg', 3, 2012, 'https://www.youtube.com/watch?v=ieLIOBkMgAQ'),
(92, 'Toy Story', 'A cowboy doll is profoundly threatened and jealous when a new spaceman action figure supplants him as top toy in a boy\'s bedroom.', 'https://m.media-amazon.com/images/M/MV5BMDU2ZWJlMjktMTRhMy00ZTA5LWEzNDgtYmNmZTEwZTViZWJkXkEyXkFqcGdeQXVyNDQ2OTk4MzI@._V1_QL75_UX285_CR0,2,285,422_.jpg', 5, 1995, 'https://www.youtube.com/watch?v=tN1A2mVnrOM'),
(93, 'Star Wars: Episode VI - Return of the Jedi', 'After rescuing Han Solo from Jabba the Hutt, the Rebels attempt to destroy the second Death Star, while Luke struggles to help Darth Vader back from the dark side.', 'https://m.media-amazon.com/images/M/MV5BOWZlMjFiYzgtMTUzNC00Y2IzLTk1NTMtZmNhMTczNTk0ODk1XkEyXkFqcGdeQXVyNTAyODkwOQ@@._V1_QL75_UX285_CR0,10,285,422_.jpg', 5, 1983, 'https://www.youtube.com/watch?v=7L8p7_SLzvU'),
(94, 'Princess Mononoke', 'On a journey to find the cure for a Tatarigami\'s curse, Ashitaka finds himself in the middle of a war between the forest gods and Tatara, a mining colony. In this quest he also meets San, the Mononoke Hime.', 'https://m.media-amazon.com/images/M/MV5BNTZkYmI0MmEtNGFlZC00OWZjLWFjMmItMjk1OWZkOWJiZGVjXkEyXkFqcGdeQXVyMTMxODk2OTU@._V1_QL75_UX285_CR0,3,285,422_.jpg', 4, 1997, 'https://www.youtube.com/watch?v=4OiMOHRDs14'),
(95, 'Toy Story 3', 'The toys are mistakenly delivered to a day-care center instead of the attic right before Andy leaves for college, and it\'s up to Woody to convince the other toys that they weren\'t abandoned and to return home.', 'https://m.media-amazon.com/images/M/MV5BMTgxOTY4Mjc0MF5BMl5BanBnXkFtZTcwNTA4MDQyMw@@._V1_QL75_UY422_CR6,0,285,422_.jpg', 5, 2010, 'https://www.youtube.com/watch?v=JcpWXaA2qeg'),
(96, 'Lawrence of Arabia', 'The story of ', 'https://m.media-amazon.com/images/M/MV5BYWY5ZjhjNGYtZmI2Ny00ODM0LWFkNzgtZmI1YzA2N2MxMzA0XkEyXkFqcGdeQXVyNjUwNzk3NDc@._V1_QL75_UY422_CR4,0,285,422_.jpg', 3, 1962, 'https://www.youtube.com/watch?v=vOlRhGEhG7k'),
(97, 'Citizen Kane', 'Following the death of publishing tycoon Charles Foster Kane, reporters scramble to uncover the meaning of his final utterance: \'Rosebud.\'', 'https://m.media-amazon.com/images/M/MV5BYjBiOTYxZWItMzdiZi00NjlkLWIzZTYtYmFhZjhiMTljOTdkXkEyXkFqcGdeQXVyNzkwMjQ5NzM@._V1_QL75_UX285_CR0,3,285,422_.jpg', 4, 1941, 'https://www.youtube.com/watch?v=8dxh3lwdOFw'),
(98, 'Singin\' in the Rain', 'A silent film star falls for a chorus girl just as he and his delusionally jealous screen partner are trying to make the difficult transition to talking pictures in 1920s Hollywood.', 'https://m.media-amazon.com/images/M/MV5BZDRjNGViMjQtOThlMi00MTA3LThkYzQtNzJkYjBkMGE0YzE1XkEyXkFqcGdeQXVyNDYyMDk5MTU@._V1_QL75_UY422_CR2,0,285,422_.jpg', 2, 1952, 'https://www.youtube.com/watch?v=5_EVHeNEIJY'),
(99, 'M - Eine Stadt sucht einen Mörder', 'When the police in a German city are unable to catch a child-murderer, other criminals join in the manhunt.', 'https://m.media-amazon.com/images/M/MV5BODA4ODk3OTEzMF5BMl5BanBnXkFtZTgwMTQ2ODMwMzE@._V1_QL75_UX285_CR0,3,285,422_.jpg', 3, 1931, 'https://www.youtube.com/watch?v=nsVproWjN6c'),
(100, 'Ikiru', 'A bureaucrat tries to find meaning in his life after he discovers he has terminal cancer.', 'https://m.media-amazon.com/images/M/MV5BYWM1YmZkNTctZDAwNy00ZTY4LWFjMTktYzU4ZjViMmU1OTJmXkEyXkFqcGdeQXVyMTA0MTM5NjI2._V1_QL75_UX285_CR0,3,285,422_.jpg', 5, 1952, 'https://www.youtube.com/watch?v=2VeLN3IDjzQ');

-- --------------------------------------------------------

--
-- Table structure for table `movie_director`
--

CREATE TABLE `movie_director` (
  `movie_id` int(10) UNSIGNED NOT NULL,
  `director_id` int(10) UNSIGNED NOT NULL
) ENGINE=InnoDB DEFAULT CHARSET=utf8mb4 COLLATE=utf8mb4_general_ci;

--
-- Dumping data for table `movie_director`
--

INSERT INTO `movie_director` (`movie_id`, `director_id`) VALUES
(1, 1),
(2, 2),
(3, 3),
(4, 4),
(5, 2),
(6, 5),
(7, 6),
(8, 7),
(9, 8),
(9, 9),
(9, 10),
(10, 3),
(11, 5),
(12, 11),
(13, 12),
(14, 13),
(15, 5),
(16, 3),
(17, 14),
(18, 15),
(18, 16),
(19, 17),
(20, 18),
(21, 3),
(22, 11),
(23, 19),
(24, 1),
(25, 4),
(26, 20),
(27, 21),
(28, 22),
(29, 23),
(29, 24),
(30, 25),
(31, 26),
(32, 27),
(33, 28),
(34, 29),
(35, 3),
(36, 14),
(37, 12),
(38, 7),
(39, 30),
(40, 29),
(41, 31),
(42, 32),
(43, 33),
(44, 34),
(45, 35),
(45, 36),
(46, 37),
(47, 38),
(48, 39),
(48, 40),
(49, 41),
(50, 42),
(51, 13),
(52, 38),
(53, 43),
(54, 44),
(55, 44),
(56, 45),
(57, 46),
(57, 47),
(57, 48),
(58, 49),
(58, 50),
(59, 3),
(60, 51),
(61, 3),
(62, 52),
(63, 20),
(64, 4),
(65, 2),
(66, 49),
(66, 50),
(67, 53),
(68, 17),
(69, 54),
(69, 55),
(70, 56),
(71, 52),
(72, 57),
(73, 58),
(74, 59),
(75, 60),
(76, 61),
(77, 62),
(78, 52),
(79, 62),
(80, 44),
(81, 27),
(82, 7),
(83, 63),
(84, 52),
(85, 64),
(86, 65),
(87, 66),
(88, 67),
(89, 7),
(90, 13),
(91, 68),
(92, 69),
(93, 70),
(94, 22),
(95, 54),
(96, 71),
(97, 72),
(98, 73),
(98, 74),
(99, 75),
(100, 27);

-- --------------------------------------------------------

--
-- Table structure for table `movie_genre`
--

CREATE TABLE `movie_genre` (
  `movie_id` int(10) UNSIGNED NOT NULL,
  `genre_id` int(10) UNSIGNED NOT NULL
) ENGINE=InnoDB DEFAULT CHARSET=utf8mb4 COLLATE=utf8mb4_general_ci;

--
-- Dumping data for table `movie_genre`
--

INSERT INTO `movie_genre` (`movie_id`, `genre_id`) VALUES
(1, 1),
(2, 1),
(2, 2),
(3, 1),
(3, 2),
(3, 3),
(4, 1),
(4, 4),
(4, 5),
(5, 1),
(5, 2),
(6, 1),
(6, 3),
(6, 6),
(7, 1),
(7, 2),
(8, 1),
(8, 2),
(9, 3),
(9, 6),
(9, 7),
(10, 3),
(10, 6),
(10, 8),
(11, 1),
(11, 3),
(11, 6),
(12, 1),
(13, 1),
(13, 9),
(14, 6),
(14, 10),
(15, 1),
(15, 3),
(15, 6),
(16, 1),
(16, 6),
(16, 8),
(17, 1),
(17, 2),
(17, 4),
(18, 3),
(18, 8),
(19, 1),
(20, 3),
(20, 6),
(20, 11),
(21, 1),
(21, 4),
(21, 5),
(22, 1),
(22, 2),
(22, 12),
(23, 1),
(23, 2),
(23, 13),
(24, 1),
(24, 2),
(24, 11),
(25, 1),
(25, 14),
(26, 3),
(26, 8),
(27, 3),
(27, 6),
(27, 11),
(28, 6),
(28, 7),
(28, 15),
(29, 1),
(29, 2),
(30, 1),
(30, 9),
(30, 16),
(31, 1),
(31, 11),
(31, 15),
(32, 1),
(32, 3),
(33, 1),
(33, 3),
(33, 12),
(34, 1),
(34, 3),
(34, 6),
(35, 1),
(35, 8),
(35, 12),
(36, 1),
(36, 2),
(36, 13),
(37, 6),
(37, 8),
(37, 16),
(38, 1),
(38, 10),
(39, 1),
(39, 13),
(40, 8),
(40, 17),
(41, 1),
(41, 18),
(42, 1),
(42, 2),
(42, 3),
(43, 1),
(43, 2),
(43, 12),
(44, 1),
(44, 4),
(44, 18),
(45, 1),
(45, 6),
(45, 7),
(46, 1),
(46, 2),
(47, 12),
(47, 13),
(47, 17),
(48, 1),
(48, 4),
(48, 16),
(49, 1),
(49, 9),
(49, 14),
(50, 1),
(50, 7),
(50, 14),
(51, 10),
(52, 12),
(52, 13),
(53, 1),
(53, 9),
(54, 1),
(54, 9),
(54, 16),
(55, 1),
(55, 9),
(55, 16),
(56, 1),
(56, 3),
(56, 12),
(57, 3),
(57, 6),
(57, 7),
(58, 1),
(58, 3),
(58, 6),
(59, 1),
(59, 3),
(59, 13),
(60, 1),
(60, 2),
(60, 13),
(61, 12),
(61, 13),
(62, 1),
(62, 17),
(63, 3),
(63, 6),
(63, 8),
(64, 3),
(64, 6),
(65, 1),
(65, 12),
(65, 14),
(66, 3),
(66, 6),
(66, 8),
(67, 1),
(67, 13),
(67, 14),
(68, 1),
(68, 4),
(68, 18),
(69, 1),
(69, 6),
(69, 7),
(70, 1),
(70, 7),
(70, 11),
(71, 14),
(71, 16),
(72, 6),
(72, 7),
(72, 15),
(73, 1),
(73, 12),
(73, 13),
(74, 1),
(74, 16),
(75, 1),
(76, 1),
(76, 14),
(77, 1),
(77, 19),
(78, 1),
(78, 14),
(79, 1),
(79, 2),
(79, 12),
(80, 1),
(80, 14),
(80, 16),
(81, 1),
(81, 2),
(81, 12),
(82, 1),
(82, 6),
(82, 14),
(83, 1),
(84, 6),
(84, 8),
(85, 1),
(86, 1),
(86, 9),
(87, 1),
(87, 8),
(87, 9),
(88, 1),
(88, 4),
(88, 5),
(89, 2),
(89, 13),
(90, 1),
(90, 2),
(91, 1),
(92, 6),
(92, 7),
(92, 16),
(93, 3),
(93, 6),
(93, 11),
(94, 3),
(94, 6),
(94, 7),
(95, 6),
(95, 7),
(95, 16),
(96, 1),
(96, 4),
(96, 6),
(97, 1),
(97, 12),
(98, 9),
(98, 16),
(98, 20),
(99, 2),
(99, 12),
(99, 13),
(100, 1);

-- --------------------------------------------------------

--
-- Table structure for table `movie_star`
--

CREATE TABLE `movie_star` (
  `movie_id` int(10) UNSIGNED NOT NULL,
  `star_id` int(10) UNSIGNED NOT NULL
) ENGINE=InnoDB DEFAULT CHARSET=utf8mb4 COLLATE=utf8mb4_general_ci;

--
-- Dumping data for table `movie_star`
--

INSERT INTO `movie_star` (`movie_id`, `star_id`) VALUES
(1, 1),
(1, 2),
(1, 3),
(2, 4),
(2, 5),
(2, 6),
(3, 7),
(3, 8),
(3, 9),
(4, 10),
(4, 11),
(4, 12),
(5, 5),
(5, 13),
(5, 14),
(6, 15),
(6, 16),
(6, 17),
(7, 18),
(7, 19),
(7, 20),
(8, 21),
(8, 22),
(8, 23),
(9, 24),
(9, 25),
(9, 26),
(10, 27),
(10, 28),
(10, 29),
(11, 15),
(11, 17),
(11, 30),
(12, 31),
(12, 32),
(12, 33),
(13, 34),
(13, 35),
(13, 36),
(14, 37),
(14, 38),
(14, 39),
(15, 15),
(15, 16),
(15, 17),
(16, 40),
(16, 41),
(16, 42),
(17, 13),
(17, 43),
(17, 44),
(18, 45),
(18, 46),
(18, 47),
(19, 48),
(19, 49),
(19, 50),
(20, 51),
(20, 52),
(20, 53),
(21, 54),
(21, 55),
(21, 56),
(22, 2),
(22, 31),
(22, 57),
(23, 58),
(23, 59),
(23, 60),
(24, 34),
(24, 61),
(24, 62),
(25, 34),
(25, 56),
(25, 63),
(26, 64),
(26, 65),
(26, 66),
(27, 51),
(27, 52),
(27, 53),
(28, 67),
(28, 68),
(28, 69),
(29, 70),
(29, 71),
(29, 72),
(30, 73),
(30, 74),
(30, 75),
(31, 76),
(31, 77),
(31, 78),
(32, 79),
(32, 80),
(32, 81),
(33, 82),
(33, 83),
(33, 84),
(34, 85),
(34, 86),
(34, 87),
(35, 7),
(35, 88),
(35, 89),
(36, 27),
(36, 48),
(36, 56),
(37, 90),
(37, 91),
(37, 92),
(38, 27),
(38, 93),
(38, 94),
(39, 95),
(39, 96),
(39, 97),
(40, 98),
(40, 99),
(40, 100),
(41, 101),
(41, 102),
(41, 103),
(42, 104),
(42, 105),
(42, 106),
(43, 57),
(43, 107),
(43, 108),
(44, 109),
(44, 110),
(44, 111),
(45, 112),
(45, 113),
(45, 114),
(46, 32),
(46, 66),
(46, 115),
(47, 116),
(47, 117),
(47, 118),
(48, 119),
(48, 120),
(48, 121),
(49, 122),
(49, 123),
(49, 124),
(50, 125),
(50, 126),
(50, 127),
(51, 18),
(51, 128),
(51, 129),
(52, 76),
(52, 130),
(52, 131),
(53, 132),
(53, 133),
(53, 134),
(54, 135),
(54, 136),
(54, 137),
(55, 135),
(55, 138),
(55, 139),
(56, 140),
(56, 141),
(56, 142),
(57, 24),
(57, 25),
(57, 143),
(58, 144),
(58, 145),
(58, 146),
(59, 7),
(59, 41),
(59, 147),
(60, 13),
(60, 86),
(60, 148),
(61, 47),
(61, 149),
(61, 150),
(62, 48),
(62, 151),
(62, 152),
(63, 98),
(63, 153),
(63, 154),
(64, 52),
(64, 155),
(64, 156),
(65, 4),
(65, 14),
(65, 157),
(66, 144),
(66, 146),
(66, 158),
(67, 159),
(67, 160),
(67, 161),
(68, 162),
(68, 163),
(68, 164),
(69, 165),
(69, 166),
(69, 167),
(70, 168),
(70, 169),
(70, 170),
(71, 171),
(71, 172),
(71, 173),
(72, 174),
(72, 175),
(72, 176),
(73, 177),
(73, 178),
(73, 179),
(74, 180),
(74, 181),
(74, 182),
(75, 183),
(75, 184),
(75, 185),
(76, 186),
(76, 187),
(76, 188),
(77, 189),
(77, 190),
(77, 191),
(78, 192),
(78, 193),
(78, 194),
(79, 195),
(79, 196),
(79, 197),
(80, 135),
(80, 136),
(80, 198),
(81, 79),
(81, 82),
(81, 199),
(82, 31),
(82, 200),
(82, 201),
(83, 57),
(83, 202),
(83, 203),
(84, 204),
(84, 205),
(84, 206),
(85, 207),
(85, 208),
(85, 209),
(86, 56),
(86, 210),
(86, 211),
(87, 212),
(87, 213),
(87, 214),
(88, 215),
(88, 216),
(88, 217),
(89, 218),
(89, 219),
(89, 220),
(90, 13),
(90, 221),
(90, 222),
(91, 223),
(91, 224),
(91, 225),
(92, 34),
(92, 226),
(92, 227),
(93, 51),
(93, 52),
(93, 53),
(94, 228),
(94, 229),
(94, 230),
(95, 34),
(95, 226),
(95, 231),
(96, 232),
(96, 233),
(96, 234),
(97, 235),
(97, 236),
(97, 237),
(98, 238),
(98, 239),
(98, 240),
(99, 241),
(99, 242),
(99, 243),
(100, 80),
(100, 244),
(100, 245);

-- --------------------------------------------------------

--
-- Table structure for table `movie_writer`
--

CREATE TABLE `movie_writer` (
  `movie_id` int(10) UNSIGNED NOT NULL,
  `writer_id` int(10) UNSIGNED NOT NULL
) ENGINE=InnoDB DEFAULT CHARSET=utf8mb4 COLLATE=utf8mb4_general_ci;

--
-- Dumping data for table `movie_writer`
--

INSERT INTO `movie_writer` (`movie_id`, `writer_id`) VALUES
(1, 1),
(1, 2),
(2, 3),
(2, 4),
(3, 5),
(3, 6),
(3, 7),
(4, 8),
(4, 9),
(5, 3),
(5, 4),
(6, 10),
(6, 11),
(6, 12),
(7, 13),
(8, 14),
(8, 15),
(9, 16),
(9, 17),
(9, 18),
(10, 6),
(11, 10),
(11, 11),
(11, 12),
(12, 19),
(12, 20),
(13, 21),
(13, 22),
(14, 23),
(14, 24),
(14, 25),
(15, 10),
(15, 11),
(15, 12),
(16, 5),
(16, 6),
(17, 26),
(17, 27),
(18, 28),
(18, 29),
(19, 30),
(19, 31),
(19, 32),
(20, 33),
(20, 34),
(20, 35),
(21, 6),
(21, 36),
(21, 37),
(22, 38),
(23, 39),
(23, 40),
(24, 1),
(24, 2),
(25, 41),
(26, 42),
(26, 43),
(27, 35),
(28, 44),
(29, 45),
(29, 46),
(30, 47),
(30, 48),
(31, 49),
(31, 50),
(31, 51),
(32, 52),
(32, 53),
(32, 54),
(33, 53),
(33, 55),
(34, 56),
(34, 57),
(34, 58),
(35, 5),
(35, 6),
(35, 59),
(36, 60),
(36, 61),
(36, 62),
(37, 63),
(37, 64),
(38, 14),
(39, 65),
(39, 66),
(40, 67),
(40, 68),
(41, 69),
(42, 70),
(43, 71),
(44, 72),
(44, 73),
(45, 74),
(45, 75),
(45, 76),
(46, 77),
(47, 78),
(47, 79),
(48, 80),
(48, 81),
(48, 82),
(49, 83),
(49, 84),
(49, 85),
(50, 86),
(50, 87),
(51, 24),
(51, 88),
(51, 89),
(52, 90),
(52, 91),
(53, 92),
(53, 93),
(54, 94),
(55, 94),
(55, 95),
(55, 96),
(56, 97),
(56, 98),
(56, 99),
(57, 16),
(57, 100),
(58, 101),
(58, 102),
(58, 103),
(59, 5),
(59, 6),
(59, 7),
(60, 104),
(60, 105),
(60, 106),
(61, 5),
(61, 6),
(62, 1),
(62, 107),
(62, 108),
(63, 42),
(63, 109),
(63, 110),
(64, 34),
(64, 35),
(64, 111),
(65, 4),
(65, 112),
(65, 113),
(66, 101),
(66, 102),
(66, 103),
(67, 114),
(67, 115),
(68, 116),
(68, 117),
(69, 118),
(69, 119),
(69, 120),
(70, 121),
(70, 122),
(71, 107),
(71, 123),
(71, 124),
(72, 125),
(72, 126),
(72, 127),
(73, 128),
(74, 129),
(74, 130),
(74, 131),
(75, 132),
(75, 133),
(75, 134),
(76, 135),
(76, 136),
(77, 137),
(77, 138),
(77, 139),
(78, 107),
(78, 140),
(78, 141),
(79, 138),
(79, 142),
(79, 143),
(80, 94),
(81, 54),
(81, 144),
(81, 145),
(82, 14),
(83, 146),
(84, 107),
(84, 147),
(85, 148),
(85, 149),
(86, 150),
(86, 151),
(87, 152),
(87, 153),
(87, 154),
(88, 155),
(89, 14),
(89, 15),
(90, 156),
(90, 157),
(90, 158),
(91, 159),
(91, 160),
(92, 125),
(92, 126),
(92, 161),
(93, 34),
(93, 35),
(94, 44),
(94, 162),
(95, 118),
(95, 125),
(95, 161),
(96, 163),
(96, 164),
(97, 165),
(97, 166),
(97, 167),
(98, 168),
(98, 169),
(99, 170),
(99, 171),
(99, 172),
(100, 52),
(100, 53),
(100, 54);

-- --------------------------------------------------------

--
-- Table structure for table `star`
--

CREATE TABLE `star` (
  `id` int(11) UNSIGNED NOT NULL,
  `name` varchar(255) NOT NULL
) ENGINE=InnoDB DEFAULT CHARSET=utf8mb4 COLLATE=utf8mb4_general_ci;

--
-- Dumping data for table `star`
--

INSERT INTO `star` (`id`, `name`) VALUES
(1, 'Tim Robbins'),
(2, 'Morgan Freeman'),
(3, 'Bob Gunton'),
(4, 'Marlon Brando'),
(5, 'Al Pacino'),
(6, 'James Caan'),
(7, 'Christian Bale'),
(8, 'Heath Ledger'),
(9, 'Aaron Eckhart'),
(10, 'Liam Neeson'),
(11, 'Ralph Fiennes'),
(12, 'Ben Kingsley'),
(13, 'Robert De Niro'),
(14, 'Robert Duvall'),
(15, 'Elijah Wood'),
(16, 'Viggo Mortensen'),
(17, 'Ian McKellen'),
(18, 'Henry Fonda'),
(19, 'Lee J. Cobb'),
(20, 'Martin Balsam'),
(21, 'John Travolta'),
(22, 'Uma Thurman'),
(23, 'Samuel L. Jackson'),
(24, 'Shameik Moore'),
(25, 'Hailee Steinfeld'),
(26, 'Brian Tyree Henry'),
(27, 'Leonardo DiCaprio'),
(28, 'Joseph Gordon-Levitt'),
(29, 'Elliot Page'),
(30, 'Orlando Bloom'),
(31, 'Brad Pitt'),
(32, 'Edward Norton'),
(33, 'Meat Loaf'),
(34, 'Tom Hanks'),
(35, 'Robin Wright'),
(36, 'Gary Sinise'),
(37, 'Clint Eastwood'),
(38, 'Eli Wallach'),
(39, 'Lee Van Cleef'),
(40, 'Matthew McConaughey'),
(41, 'Anne Hathaway'),
(42, 'Jessica Chastain'),
(43, 'Ray Liotta'),
(44, 'Joe Pesci'),
(45, 'Keanu Reeves'),
(46, 'Laurence Fishburne'),
(47, 'Carrie-Anne Moss'),
(48, 'Jack Nicholson'),
(49, 'Louise Fletcher'),
(50, 'Michael Berryman'),
(51, 'Mark Hamill'),
(52, 'Harrison Ford'),
(53, 'Carrie Fisher'),
(54, 'Cillian Murphy'),
(55, 'Emily Blunt'),
(56, 'Matt Damon'),
(57, 'Kevin Spacey'),
(58, 'Jodie Foster'),
(59, 'Anthony Hopkins'),
(60, 'Lawrence A. Bonney'),
(61, 'Michael Clarke Duncan'),
(62, 'David Morse'),
(63, 'Tom Sizemore'),
(64, 'Arnold Schwarzenegger'),
(65, 'Linda Hamilton'),
(66, 'Edward Furlong'),
(67, 'Daveigh Chase'),
(68, 'Suzanne Pleshette'),
(69, 'Miyu Irino'),
(70, 'Alexandre Rodrigues'),
(71, 'Leandro Firmino'),
(72, 'Matheus Nachtergaele'),
(73, 'Roberto Benigni'),
(74, 'Nicoletta Braschi'),
(75, 'Giorgio Cantarini'),
(76, 'James Stewart'),
(77, 'Donna Reed'),
(78, 'Lionel Barrymore'),
(79, 'Toshirô Mifune'),
(80, 'Takashi Shimura'),
(81, 'Keiko Tsushima'),
(82, 'Tatsuya Nakadai'),
(83, 'Akira Ishihama'),
(84, 'Shima Iwashita'),
(85, 'Russell Crowe'),
(86, 'Joaquin Phoenix'),
(87, 'Connie Nielsen'),
(88, 'Hugh Jackman'),
(89, 'Scarlett Johansson'),
(90, 'Michael J. Fox'),
(91, 'Christopher Lloyd'),
(92, 'Lea Thompson'),
(93, 'Jamie Foxx'),
(94, 'Christoph Waltz'),
(95, 'Song Kang-ho'),
(96, 'Lee Sun-kyun'),
(97, 'Cho Yeo-jeong'),
(98, 'Sigourney Weaver'),
(99, 'Tom Skerritt'),
(100, 'John Hurt'),
(101, 'Miles Teller'),
(102, 'J.K. Simmons'),
(103, 'Melissa Benoist'),
(104, 'Jean Reno'),
(105, 'Gary Oldman'),
(106, 'Natalie Portman'),
(107, 'Gabriel Byrne'),
(108, 'Chazz Palminteri'),
(109, 'Adrien Brody'),
(110, 'Thomas Kretschmann'),
(111, 'Frank Finlay'),
(112, 'Matthew Broderick'),
(113, 'Jeremy Irons'),
(114, 'James Earl Jones'),
(115, 'Beverly D\'Angelo'),
(116, 'Anthony Perkins'),
(117, 'Janet Leigh'),
(118, 'Vera Miles'),
(119, 'François Cluzet'),
(120, 'Omar Sy'),
(121, 'Anne Le Ny'),
(122, 'Humphrey Bogart'),
(123, 'Ingrid Bergman'),
(124, 'Paul Henreid'),
(125, 'Tsutomu Tatsumi'),
(126, 'Ayano Shiraishi'),
(127, 'Akemi Yamaguchi'),
(128, 'Charles Bronson'),
(129, 'Claudia Cardinale'),
(130, 'Grace Kelly'),
(131, 'Wendell Corey'),
(132, 'Philippe Noiret'),
(133, 'Enzo Cannavale'),
(134, 'Antonella Attili'),
(135, 'Charles Chaplin'),
(136, 'Paulette Goddard'),
(137, 'Henry Bergman'),
(138, 'Virginia Cherrill'),
(139, 'Florence Lee'),
(140, 'Choi Min-sik'),
(141, 'Yoo Ji-tae'),
(142, 'Kang Hye-jeong'),
(143, 'Jake Johnson'),
(144, 'Robert Downey Jr.'),
(145, 'Chris Evans'),
(146, 'Mark Ruffalo'),
(147, 'Tom Hardy'),
(148, 'Zazie Beetz'),
(149, 'Guy Pearce'),
(150, 'Joe Pantoliano'),
(151, 'Shelley Duvall'),
(152, 'Danny Lloyd'),
(153, 'Michael Biehn'),
(154, 'Carrie Henn'),
(155, 'Karen Allen'),
(156, 'Paul Freeman'),
(157, 'Martin Sheen'),
(158, 'Chris Hemsworth'),
(159, 'Aleksey Kravchenko'),
(160, 'Olga Mironova'),
(161, 'Liubomiras Laucevicius'),
(162, 'F. Murray Abraham'),
(163, 'Tom Hulce'),
(164, 'Elizabeth Berridge'),
(165, 'Anthony Gonzalez'),
(166, 'Gael García Bernal'),
(167, 'Benjamin Bratt'),
(168, 'Ryunosuke Kamiki'),
(169, 'Mone Kamishiraishi'),
(170, 'Ryo Narita'),
(171, 'Peter Sellers'),
(172, 'George C. Scott'),
(173, 'Sterling Hayden'),
(174, 'Ben Burtt'),
(175, 'Elissa Knight'),
(176, 'Jeff Garlin'),
(177, 'Ulrich Mühe'),
(178, 'Martina Gedeck'),
(179, 'Sebastian Koch'),
(180, 'Aamir Khan'),
(181, 'Madhavan'),
(182, 'Mona Singh'),
(183, 'Zain Al Rafeea'),
(184, 'Yordanos Shiferaw'),
(185, 'Boluwatife Treasure Bankole'),
(186, 'Jürgen Prochnow'),
(187, 'Herbert Grönemeyer'),
(188, 'Klaus Wennemann'),
(189, 'William Holden'),
(190, 'Gloria Swanson'),
(191, 'Erich von Stroheim'),
(192, 'Kirk Douglas'),
(193, 'Ralph Meeker'),
(194, 'Adolphe Menjou'),
(195, 'Tyrone Power'),
(196, 'Marlene Dietrich'),
(197, 'Charles Laughton'),
(198, 'Jack Oakie'),
(199, 'Yutaka Sada'),
(200, 'Diane Kruger'),
(201, 'Eli Roth'),
(202, 'Annette Bening'),
(203, 'Thora Birch'),
(204, 'Keir Dullea'),
(205, 'Gary Lockwood'),
(206, 'William Sylvester'),
(207, 'Ellen Burstyn'),
(208, 'Jared Leto'),
(209, 'Jennifer Connelly'),
(210, 'Robin Williams'),
(211, 'Ben Affleck'),
(212, 'Jim Carrey'),
(213, 'Kate Winslet'),
(214, 'Tom Wilkinson'),
(215, 'Mel Gibson'),
(216, 'Sophie Marceau'),
(217, 'Patrick McGoohan'),
(218, 'Harvey Keitel'),
(219, 'Tim Roth'),
(220, 'Michael Madsen'),
(221, 'James Woods'),
(222, 'Elizabeth McGovern'),
(223, 'Mads Mikkelsen'),
(224, 'Thomas Bo Larsen'),
(225, 'Annika Wedderkopp'),
(226, 'Tim Allen'),
(227, 'Don Rickles'),
(228, 'Yôji Matsuda'),
(229, 'Yuriko Ishida'),
(230, 'Yûko Tanaka'),
(231, 'Joan Cusack'),
(232, 'Peter O\'Toole'),
(233, 'Alec Guinness'),
(234, 'Anthony Quinn'),
(235, 'Orson Welles'),
(236, 'Joseph Cotten'),
(237, 'Dorothy Comingore'),
(238, 'Gene Kelly'),
(239, 'Donald O\'Connor'),
(240, 'Debbie Reynolds'),
(241, 'Peter Lorre'),
(242, 'Ellen Widmann'),
(243, 'Inge Landgut'),
(244, 'Nobuo Kaneko'),
(245, 'Shin\'ichi Himori');

-- --------------------------------------------------------

--
-- Table structure for table `writer`
--

CREATE TABLE `writer` (
  `id` int(10) UNSIGNED NOT NULL,
  `name` varchar(255) NOT NULL
) ENGINE=InnoDB DEFAULT CHARSET=utf8mb4 COLLATE=utf8mb4_general_ci;

--
-- Dumping data for table `writer`
--

INSERT INTO `writer` (`id`, `name`) VALUES
(1, 'Stephen King'),
(2, 'Frank Darabont'),
(3, 'Mario Puzo'),
(4, 'Francis Ford Coppola'),
(5, 'Jonathan Nolan'),
(6, 'Christopher Nolan'),
(7, 'David S. Goyer'),
(8, 'Thomas Keneally'),
(9, 'Steven Zaillian'),
(10, 'J.R.R. Tolkien'),
(11, 'Fran Walsh'),
(12, 'Philippa Boyens'),
(13, 'Reginald Rose'),
(14, 'Quentin Tarantino'),
(15, 'Roger Avary'),
(16, 'Phil Lord'),
(17, 'Christopher Miller'),
(18, 'Dave Callaham'),
(19, 'Chuck Palahniuk'),
(20, 'Jim Uhls'),
(21, 'Winston Groom'),
(22, 'Eric Roth'),
(23, 'Luciano Vincenzoni'),
(24, 'Sergio Leone'),
(25, 'Agenore Incrocci'),
(26, 'Nicholas Pileggi'),
(27, 'Martin Scorsese'),
(28, 'Lilly Wachowski'),
(29, 'Lana Wachowski'),
(30, 'Lawrence Hauben'),
(31, 'Bo Goldman'),
(32, 'Ken Kesey'),
(33, 'Leigh Brackett'),
(34, 'Lawrence Kasdan'),
(35, 'George Lucas'),
(36, 'Kai Bird'),
(37, 'Martin Sherwin'),
(38, 'Andrew Kevin Walker'),
(39, 'Thomas Harris'),
(40, 'Ted Tally'),
(41, 'Robert Rodat'),
(42, 'James Cameron'),
(43, 'William Wisher'),
(44, 'Hayao Miyazaki'),
(45, 'Paulo Lins'),
(46, 'Bráulio Mantovani'),
(47, 'Vincenzo Cerami'),
(48, 'Roberto Benigni'),
(49, 'Frances Goodrich'),
(50, 'Albert Hackett'),
(51, 'Frank Capra'),
(52, 'Akira Kurosawa'),
(53, 'Shinobu Hashimoto'),
(54, 'Hideo Oguni'),
(55, 'Yasuhiko Takiguchi'),
(56, 'David Franzoni'),
(57, 'John Logan'),
(58, 'William Nicholson'),
(59, 'Christopher Priest'),
(60, 'William Monahan'),
(61, 'Alan Mak'),
(62, 'Felix Chong'),
(63, 'Robert Zemeckis'),
(64, 'Bob Gale'),
(65, 'Bong Joon Ho'),
(66, 'Han Jin-won'),
(67, 'Dan O\'Bannon'),
(68, 'Ronald Shusett'),
(69, 'Damien Chazelle'),
(70, 'Luc Besson'),
(71, 'Christopher McQuarrie'),
(72, 'Ronald Harwood'),
(73, 'Wladyslaw Szpilman'),
(74, 'Irene Mecchi'),
(75, 'Jonathan Roberts'),
(76, 'Linda Woolverton'),
(77, 'David McKenna'),
(78, 'Joseph Stefano'),
(79, 'Robert Bloch'),
(80, 'Olivier Nakache'),
(81, 'Éric Toledano'),
(82, 'Philippe Pozzo di Borgo'),
(83, 'Julius J. Epstein'),
(84, 'Philip G. Epstein'),
(85, 'Howard Koch'),
(86, 'Akiyuki Nosaka'),
(87, 'Isao Takahata'),
(88, 'Sergio Donati'),
(89, 'Dario Argento'),
(90, 'John Michael Hayes'),
(91, 'Cornell Woolrich'),
(92, 'Giuseppe Tornatore'),
(93, 'Vanna Paoli'),
(94, 'Charles Chaplin'),
(95, 'Harry Carr'),
(96, 'Harry Crocker'),
(97, 'Garon Tsuchiya'),
(98, 'Nobuaki Minegishi'),
(99, 'Park Chan-wook'),
(100, 'Rodney Rothman'),
(101, 'Christopher Markus'),
(102, 'Stephen McFeely'),
(103, 'Stan Lee'),
(104, 'Todd Phillips'),
(105, 'Scott Silver'),
(106, 'Bob Kane'),
(107, 'Stanley Kubrick'),
(108, 'Diane Johnson'),
(109, 'David Giler'),
(110, 'Walter Hill'),
(111, 'Philip Kaufman'),
(112, 'John Milius'),
(113, 'Michael Herr'),
(114, 'Ales Adamovich'),
(115, 'Elem Klimov'),
(116, 'Peter Shaffer'),
(117, 'Zdenek Mahler'),
(118, 'Lee Unkrich'),
(119, 'Jason Katz'),
(120, 'Matthew Aldrich'),
(121, 'Makoto Shinkai'),
(122, 'Clark Cheng'),
(123, 'Terry Southern'),
(124, 'Peter George'),
(125, 'Andrew Stanton'),
(126, 'Pete Docter'),
(127, 'Jim Reardon'),
(128, 'Florian Henckel von Donnersmarck'),
(129, 'Abhijat Joshi'),
(130, 'Rajkumar Hirani'),
(131, 'Vidhu Vinod Chopra'),
(132, 'Nadine Labaki'),
(133, 'Jihad Hojeily'),
(134, 'Michelle Keserwany'),
(135, 'Wolfgang Petersen'),
(136, 'Lothar G. Buchheim'),
(137, 'Charles Brackett'),
(138, 'Billy Wilder'),
(139, 'D.M. Marshman Jr.'),
(140, 'Calder Willingham'),
(141, 'Jim Thompson'),
(142, 'Agatha Christie'),
(143, 'Harry Kurnitz'),
(144, 'Ryûzô Kikushima'),
(145, 'Eijirô Hisaita'),
(146, 'Alan Ball'),
(147, 'Arthur C. Clarke'),
(148, 'Hubert Selby Jr.'),
(149, 'Darren Aronofsky'),
(150, 'Matt Damon'),
(151, 'Ben Affleck'),
(152, 'Charlie Kaufman'),
(153, 'Michel Gondry'),
(154, 'Pierre Bismuth'),
(155, 'Randall Wallace'),
(156, 'Harry Grey'),
(157, 'Leonardo Benvenuti'),
(158, 'Piero De Bernardi'),
(159, 'Thomas Vinterberg'),
(160, 'Tobias Lindholm'),
(161, 'John Lasseter'),
(162, 'Neil Gaiman'),
(163, 'Robert Bolt'),
(164, 'Michael Wilson'),
(165, 'Herman J. Mankiewicz'),
(166, 'Orson Welles'),
(167, 'John Houseman'),
(168, 'Betty Comden'),
(169, 'Adolph Green'),
(170, 'Thea von Harbou'),
(171, 'Fritz Lang'),
(172, 'Egon Jacobsohn');

--
-- Indexes for dumped tables
--

--
-- Indexes for table `account`
--
ALTER TABLE `account`
  ADD PRIMARY KEY (`username`);

--
-- Indexes for table `director`
--
ALTER TABLE `director`
  ADD PRIMARY KEY (`id`);

--
-- Indexes for table `genre`
--
ALTER TABLE `genre`
  ADD PRIMARY KEY (`id`);

--
-- Indexes for table `movie`
--
ALTER TABLE `movie`
  ADD PRIMARY KEY (`id`);

--
-- Indexes for table `movie_director`
--
ALTER TABLE `movie_director`
  ADD PRIMARY KEY (`movie_id`,`director_id`),
  ADD KEY `pk_director_id_movie` (`director_id`);

--
-- Indexes for table `movie_genre`
--
ALTER TABLE `movie_genre`
  ADD PRIMARY KEY (`movie_id`,`genre_id`),
  ADD KEY `pk_genre_id_movie` (`genre_id`);

--
-- Indexes for table `movie_star`
--
ALTER TABLE `movie_star`
  ADD PRIMARY KEY (`movie_id`,`star_id`),
  ADD KEY `pk_star_id_movie` (`star_id`);

--
-- Indexes for table `movie_writer`
--
ALTER TABLE `movie_writer`
  ADD PRIMARY KEY (`movie_id`,`writer_id`),
  ADD KEY `pk_writer_id_movie` (`writer_id`);

--
-- Indexes for table `star`
--
ALTER TABLE `star`
  ADD PRIMARY KEY (`id`);

--
-- Indexes for table `writer`
--
ALTER TABLE `writer`
  ADD PRIMARY KEY (`id`);

--
-- AUTO_INCREMENT for dumped tables
--

--
-- AUTO_INCREMENT for table `director`
--
ALTER TABLE `director`
  MODIFY `id` int(11) UNSIGNED NOT NULL AUTO_INCREMENT, AUTO_INCREMENT=76;

--
-- AUTO_INCREMENT for table `genre`
--
ALTER TABLE `genre`
  MODIFY `id` int(11) UNSIGNED NOT NULL AUTO_INCREMENT, AUTO_INCREMENT=21;

--
-- AUTO_INCREMENT for table `movie`
--
ALTER TABLE `movie`
  MODIFY `id` int(10) UNSIGNED NOT NULL AUTO_INCREMENT, AUTO_INCREMENT=101;

--
-- AUTO_INCREMENT for table `star`
--
ALTER TABLE `star`
  MODIFY `id` int(11) UNSIGNED NOT NULL AUTO_INCREMENT, AUTO_INCREMENT=246;

--
-- AUTO_INCREMENT for table `writer`
--
ALTER TABLE `writer`
  MODIFY `id` int(10) UNSIGNED NOT NULL AUTO_INCREMENT, AUTO_INCREMENT=173;

--
-- Constraints for dumped tables
--

--
-- Constraints for table `movie_director`
--
ALTER TABLE `movie_director`
  ADD CONSTRAINT `pk_director_id_movie` FOREIGN KEY (`director_id`) REFERENCES `director` (`id`),
  ADD CONSTRAINT `pk_movie_id_director` FOREIGN KEY (`movie_id`) REFERENCES `movie` (`id`);

--
-- Constraints for table `movie_genre`
--
ALTER TABLE `movie_genre`
  ADD CONSTRAINT `pk_genre_id_movie` FOREIGN KEY (`genre_id`) REFERENCES `genre` (`id`),
  ADD CONSTRAINT `pk_movie_id_genre` FOREIGN KEY (`movie_id`) REFERENCES `movie` (`id`);

--
-- Constraints for table `movie_star`
--
ALTER TABLE `movie_star`
  ADD CONSTRAINT `pk_movie_id_star` FOREIGN KEY (`movie_id`) REFERENCES `movie` (`id`),
  ADD CONSTRAINT `pk_star_id_movie` FOREIGN KEY (`star_id`) REFERENCES `star` (`id`);

--
-- Constraints for table `movie_writer`
--
ALTER TABLE `movie_writer`
  ADD CONSTRAINT `pk_movie_id_writer` FOREIGN KEY (`movie_id`) REFERENCES `movie` (`id`),
  ADD CONSTRAINT `pk_writer_id_movie` FOREIGN KEY (`writer_id`) REFERENCES `writer` (`id`);
COMMIT;

/*!40101 SET CHARACTER_SET_CLIENT=@OLD_CHARACTER_SET_CLIENT */;
/*!40101 SET CHARACTER_SET_RESULTS=@OLD_CHARACTER_SET_RESULTS */;
/*!40101 SET COLLATION_CONNECTION=@OLD_COLLATION_CONNECTION */;
